franchise,pick_order,player_as_written,price
SGT HULKA'S BIG TOES,1,JAMAAR CHASE,43
SGT HULKA'S BIG TOES,2,JOSH ALLEN,23
SGT HULKA'S BIG TOES,3,PHILLY D,2
SGT HULKA'S BIG TOES,4,JAKE BATES,1
SGT HULKA'S BIG TOES,5,CHASE BROWN,25
SGT HULKA'S BIG TOES,6,BILL CROSKEY-MERRITT,7
SGT HULKA'S BIG TOES,7,ROME ODUNZE,3
SGT HULKA'S BIG TOES,8,CAM SKATEBO,1
SGT HULKA'S BIG TOES,9,JAYDEN REED,1
SGT HULKA'S BIG TOES,10,TJ HOCHENSON,1
SGT HULKA'S BIG TOES,11,TUCKER KRAFT,1
SGT HULKA'S BIG TOES,12,QUINSHON JUDKINS,1
SGT HULKA'S BIG TOES,13,KYLER MURRAY,1
STUPID MUTANTS,1,BIJAN ROBINSON,41
STUPID MUTANTS,2,BRANDON AUBREY,2
STUPID MUTANTS,3,PITTSBURGH D,3
STUPID MUTANTS,4,JJ MCCARTHY,1
STUPID MUTANTS,5,TYREKE HILL,18
STUPID MUTANTS,6,PATRICK MAHOMES,14
STUPID MUTANTS,7,DANDRE SWIFT,16
STUPID MUTANTS,8,JUAN. JENNINGS,1
STUPID MUTANTS,9,MARVIN HARRSON JR,7
STUPID MUTANTS,10,JAYDON BLUE,1
STUPID MUTANTS,11,STEFON DIGGS,1
STUPID MUTANTS,12,MICHAEL PITTMAN JR,1
STUPID MUTANTS,13,TYLER ALGIER,4
ITALIAN STYLE PARTIERS,1,JAAMYR GIBBS,40
ITALIAN STYLE PARTIERS,2,CAM DICKER,1
ITALIAN STYLE PARTIERS,3,LAMAR JACKSON,31
ITALIAN STYLE PARTIERS,4,MINNESOTA D,2
ITALIAN STYLE PARTIERS,5,TEE HIGGINS,13
ITALIAN STYLE PARTIERS,6,JK DOBBINS,5
ITALIAN STYLE PARTIERS,7,DEVONTA SMITH,4
ITALIAN STYLE PARTIERS,8,RASHEE RICE,2
ITALIAN STYLE PARTIERS,9,DAVID NJOKU,1
ITALIAN STYLE PARTIERS,10,GEORGE KITTLE,3
ITALIAN STYLE PARTIERS,11,MARVIN MIMMS JR,1
ITALIAN STYLE PARTIERS,12,COOPER KUPP,6
ITALIAN STYLE PARTIERS,13,AUSTIN EKELER,1
THE CRUISERS,1,DERRICK HENRY,39
THE CRUISERS,2,BUCKY IRVING,20
THE CRUISERS,3,JOE BURROW,27
THE CRUISERS,4,AJ BROWN,15
THE CRUISERS,5,HOUSTON D,1
THE CRUISERS,6,WILL LUTZ,1
THE CRUISERS,7,DAVID MONTGOMERY,1
THE CRUISERS,8,MARK ANDREWS,1
THE CRUISERS,9,BRANDONAIYUK,1
THE CRUISERS,10,JAYLEN WRIGHT,1
THE CRUISERS,11,CHRIS GODWIN,1
THE CRUISERS,12,JOKOBI MEYERS,1
THE CRUISERS,13,AARON ROGERS,1
WINGER'S RINGERS,1,SAQUON BARKLEY,38
WINGER'S RINGERS,2,JALEN HURTS,19
WINGER'S RINGERS,3,GEORGE PICKENS,11
WINGER'S RINGERS,4,COURTLAND SUTTON,10
WINGER'S RINGERS,5,BRIAN THOMAS JR,18
WINGER'S RINGERS,6,XAVIER WORTHY,5
WINGER'S RINGERS,7,EVAN MACPHERSON,1
WINGER'S RINGERS,8,SEATTLE D,1
WINGER'S RINGERS,9,JORDAN MASON,2
WINGER'S RINGERS,10,DRAKE MAYE,1
WINGER'S RINGERS,11,TANK BIGSBY,1
WINGER'S RINGERS,12,KEON COLEMAN,1
WINGER'S RINGERS,13,TREY BENSON,1
"LEAN, MEAN FIGHTING MACHINE",1,CEEDEE LAMB,37
"LEAN, MEAN FIGHTING MACHINE",2,TUA TAGOVIOLOA,1
"LEAN, MEAN FIGHTING MACHINE",3,DAVON ACHANE,20
"LEAN, MEAN FIGHTING MACHINE",4,KC D,1
"LEAN, MEAN FIGHTING MACHINE",5,TERRY MACLAURIN,20
"LEAN, MEAN FIGHTING MACHINE",6,HARRISON BUTKER,1
"LEAN, MEAN FIGHTING MACHINE",7,DK METCALF,5
"LEAN, MEAN FIGHTING MACHINE",8,ZAY FLOWERS,3
"LEAN, MEAN FIGHTING MACHINE",9,BO NIX,4
"LEAN, MEAN FIGHTING MACHINE",10,GARRETT WILSON,7
"LEAN, MEAN FIGHTING MACHINE",11,NICK CHUBB,1
"LEAN, MEAN FIGHTING MACHINE",12,ISIAH PACHECO,6
"LEAN, MEAN FIGHTING MACHINE",13,AARON JONES,4
EM 50s,1,CHRISTIAN MCCAFFREY,34
EM 50s,2,JONATHAN TAYLOR,32
EM 50s,3,ARIZONA D,1
EM 50s,4,KENNETH WALKER III,15
EM 50s,5,CALVIN RIDLEY,10
EM 50s,6,KAIMI FAIRBAIRN,1
EM 50s,7,JARED GOFF,2
EM 50s,8,JAYLEN WADDLE,4
EM 50s,9,DEEBO SAMUEL,1
EM 50s,10,ZACH CHARBONNET,2
EM 50s,11,JAYLEN WARREN,1
EM 50s,12,DAK PRESCOTT,1
EM 50s,13,BHAYSUL TUTEN,6
SAWYER'S PSYCHOS,1,ASHTON JEANTY,33
SAWYER'S PSYCHOS,2,BALTIMORE D,3
SAWYER'S PSYCHOS,3,DRAKE LONDON,22
SAWYER'S PSYCHOS,4,TYLER LOOP,1
SAWYER'S PSYCHOS,5,LADD MCCONKEY,18
SAWYER'S PSYCHOS,6,OLLIE GORDON II,1
SAWYER'S PSYCHOS,7,ALVIN KAMARA,17
SAWYER'S PSYCHOS,8,JUSTIN HERBERT,1
SAWYER'S PSYCHOS,9,BROCK BOWERS,10
SAWYER'S PSYCHOS,10,GENO SMITH,1
SAWYER'S PSYCHOS,11,ISAAC TESLAA,1
SAWYER'S PSYCHOS,12,BRIAN ROBINSON JR,1
SAWYER'S PSYCHOS,13,KEENAN ALLEN,1
OX'S MUD WRESTLERS,1,JUSTIN JEFFERSON,30
OX'S MUD WRESTLERS,2,KYREN WILLIAMS,31
OX'S MUD WRESTLERS,3,MIKE EVANS,14
OX'S MUD WRESTLERS,4,CHUBA HUBBARD,12
OX'S MUD WRESTLERS,5,DJ MOORE,9
OX'S MUD WRESTLERS,6,RJ HARVEY,7
OX'S MUD WRESTLERS,7,DETROIT D,1
OX'S MUD WRESTLERS,8,JAKE ELLIOTT,1
OX'S MUD WRESTLERS,9,CJ STROUD,1
OX'S MUD WRESTLERS,10,SAM LAPORTA,1
OX'S MUD WRESTLERS,11,JORDAN LOVE,1
OX'S MUD WRESTLERS,12,RACHAAD WHITE,1
OX'S MUD WRESTLERS,13,JOE MIXON,1
RAZZLE DAZZLE,1,AMON-RA ST BROWN,27
RAZZLE DAZZLE,2,PUKA NACUA,21
RAZZLE DAZZLE,3,JAMES COOK,12
RAZZLE DAZZLE,4,GREEN BAY D,1
RAZZLE DAZZLE,5,MATT GAY,1
RAZZLE DAZZLE,6,JAMES CONNER,9
RAZZLE DAZZLE,7,BAKER MAYFIELD,11
RAZZLE DAZZLE,8,TREY MCBRIDE,9
RAZZLE DAZZLE,9,KALEB JOHNSON,2
RAZZLE DAZZLE,10,MATTHEW GOLDEN,1
RAZZLE DAZZLE,11,CHRIS OLAVE,2
RAZZLE DAZZLE,12,TRAVIS ETIENNE,1
RAZZLE DAZZLE,13,RICKY PEARSALL,13
AGGRESSIVE GAMBLERS,1,MALIK NABERS,27
AGGRESSIVE GAMBLERS,2,BREECE HALL,4
AGGRESSIVE GAMBLERS,3,OMARION HAMPTON,20
AGGRESSIVE GAMBLERS,4,BUFFALO D,1
AGGRESSIVE GAMBLERS,5,JAMESON WILLIAMS,9
AGGRESSIVE GAMBLERS,6,JAXON S-N,11
AGGRESSIVE GAMBLERS,7,TREYVEON HENDERSON,12
AGGRESSIVE GAMBLERS,8,TONY POLLARD,11
AGGRESSIVE GAMBLERS,9,BROCK PURDY,3
AGGRESSIVE GAMBLERS,10,TRAVIS HUNTER,2
AGGRESSIVE GAMBLERS,11,TYRONE TRACEY JR,3
AGGRESSIVE GAMBLERS,12,CAM WARD,1
AGGRESSIVE GAMBLERS,13,CHRIS BOSWELL,3
BRAVO COMPANY,1,NICO COLLINS,26
BRAVO COMPANY,2,JAYDEN DANIELS,28
BRAVO COMPANY,3,DENVER D,2
BRAVO COMPANY,4,JOSH JACOBS,20
BRAVO COMPANY,5,CHASE MACLAUGHLIN,1
BRAVO COMPANY,6,DAVANTE ADAMS,8
BRAVO COMPANY,7,TET MCMILLIAN,9
BRAVO COMPANY,8,EMEKA EGBUKA,10
BRAVO COMPANY,9,JAVONTA WILLIAMS,1
BRAVO COMPANY,10,BREALON ALLEN,1
BRAVO COMPANY,11,JERRY JEUDY,1
BRAVO COMPANY,12,CHRISTIAN KIRK,1
BRAVO COMPANY,13,JORDAN ADDISON,2
